"student_ID","name","age","city","group","score","last_updated","preparation_course","sity_count","s"
1,"VICTORIA SAUNDERS DDS",30,"MARKLAND","A3",64,45418,TRUE,64,30
2,"AARON GEORGE",33,"LAURACHESTER","E4",92,45304,FALSE,92,33
4,"JENNIFER SCHWARTZ",21,"NORTH MICHAEL","C4",66,45303,TRUE,66,21
5,"TYLER KRAMER",21,"PORT BRYANVILLE","C2",97,45455,TRUE,97,21
6,"RYAN SMITH",25,"EAST DERRICKBURGH","D2",51,45293,TRUE,51,25
7,"THEODORE FINLEY",27,"NORTH MATTHEWFORT","A4",92,45381,TRUE,92,27
8,"DYLAN WILLIAMS",22,"MISTYTOWN","B4",50,45514,FALSE,50,22
9,"ANTHONY WILLIAMS",24,"JILLLAND","B2",65,45495,FALSE,65,24
10,"BROOKE TODD",30,"SOUTH SHAUNBOROUGH","C1",66,45336,TRUE,66,30
12,"MS. EBONY PACHECO",24,"WALKERSHIRE","E2",91,45491,TRUE,91,24
13,"CHAD GARCIA",25,"DEANFURT","A1",70,45353,TRUE,70,25
14,"CHRISTOPHER SMITH",32,"STEVENBURY","C2",93,45340,FALSE,93,32
15,"JENNIFER MORAN",23,"MEYERSPORT","D1",75,45356,TRUE,75,23
16,"CHRISTOPHER JOSEPH",31,"WEST SUSAN","D2",50,45463,TRUE,50,31
17,"KEITH CASTILLO",26,"JONESBOROUGH","B4",99,45458,TRUE,99,26
18,"VICTORIA MCCARTHY",27,"WEST SARAHSTAD","B2",89,45351,FALSE,89,27
19,"WILLIAM SHAFFER",34,"KELLYSTAD","B1",52,45494,FALSE,52,34
20,"DEBRA KANE",23,"SPENCERFURT","E3",56,45327,FALSE,56,23
21,"SHARON RODRIGUEZ",33,"NEW TIMOTHY","D1",53,45320,FALSE,53,33
22,"MEGHAN KENNEDY",33,"LAKE SUSAN","D4",80,45294,FALSE,80,33
24,"DANNY DIAZ",21,"LAURIEBERG","E1",70,45560,FALSE,70,21
25,"RICARDO AGUILAR",32,"NEW ELIZABETH","A3",61,45383,TRUE,61,32
26,"JOHN LEE",25,"BARRYFORT","B4",61,45327,TRUE,61,25
29,"RACHEL TUCKER",27,"SOUTH ANTONIO","A1",66,45379,TRUE,66,27
31,"CHRISTOPHER JONES",28,"ERICALAND","C4",58,45450,TRUE,58,28
32,"FRANK CRUZ",21,"NEW SAMANTHABERG","A3",77,45523,FALSE,77,21
33,"AMANDA COMBS",29,"PORT DIANE","E4",56,45331,TRUE,56,29
34,"JACOB STOUT",20,"JONESPORT","D1",94,45427,TRUE,94,20
37,"DESIREE THOMAS",22,"NEW AMYTON","B3",90,45452,TRUE,90,22
38,"SCOTT FOSTER",23,"WEST ELIZABETH","C4",91,45551,TRUE,91,23
39,"DOUGLAS LUTZ",24,"NORTH TIMOTHY","A4",65,45381,FALSE,65,24
40,"KAYLA WILLIAMS",26,"WELLSSHIRE","D4",50,45406,TRUE,50,26
41,"EVAN THOMAS",33,"FLORESVILLE","E2",89,45298,TRUE,89,33
42,"RENEE SMITH",22,"DAVIDPORT","D2",87,45485,TRUE,87,22
43,"HEATHER MARTINEZ",27,"WOODARDBURY","A2",56,45407,TRUE,56,27
44,"MICHAEL MORRISON JR.",28,"WEST MARYPORT","A1",79,45413,TRUE,79,28
47,"ELIZABETH BELL",25,"GONZALEZSIDE","C4",62,45548,TRUE,62,25
48,"HEATHER SMITH",27,"BAKERFORT","B2",50,45526,TRUE,50,27
49,"HALEY VAUGHAN",21,"FRANKLINPORT","A3",99,45305,TRUE,99,21
50,"DAVID JOHNS",24,"LAKE JASONTOWN","B3",78,45577,TRUE,78,24
51,"SAVANNAH JOHNSON",29,"NORTH SERGIOMOUTH","B2",57,45354,TRUE,57,29
52,"ROBERT BURNETT",32,"MIKAYLATOWN","E2",51,45552,TRUE,51,32
54,"TERESA REESE",32,"NEW KIMBERLY","A4",98,45437,TRUE,98,32
55,"MATTHEW HERNANDEZ",21,"ANNAPORT","B1",57,45314,TRUE,57,21
56,"KIMBERLY GOMEZ",30,"LAKE PATRICKSTAD","E2",90,45381,TRUE,90,30
57,"HERBERT HUGHES",28,"ANGELSTAD","B2",76,45424,TRUE,76,28
58,"HALEY JUAREZ",29,"NEW WILLIAMSTAD","E3",90,45478,TRUE,90,29
59,"SANDRA TURNER",22,"NEW SHAWN","E1",98,45525,TRUE,98,22
60,"JOHN GARCIA",24,"WEST COURTNEYPORT","E4",96,45466,TRUE,96,24
61,"RICKY COOPER",22,"TAYLORBERG","C3",72,45338,TRUE,72,22
62,"NATHAN WALLACE",33,"ANDRESTAD","C4",64,45563,TRUE,64,33
63,"MICHAEL GALVAN",21,"EAST EMILYMOUTH","D3",81,45476,TRUE,81,21
64,"BRIAN COLEMAN",30,"SOUTH JOSEPHCHESTER","D3",71,45527,TRUE,71,30
65,"SANDRA AGUILAR",22,"NORTH BRENDA","D1",57,45343,TRUE,57,22
66,"EMILY WEBSTER",26,"LAKE MONICABURGH","A2",86,45538,TRUE,86,26
67,"MEREDITH MILLER",32,"RUIZBURGH","A2",66,45405,FALSE,66,32
68,"RYAN ACEVEDO",33,"KINGMOUTH","A4",56,45373,TRUE,56,33
69,"TIFFANY ANDERSON",21,"NIELSENBURGH","B1",92,45346,FALSE,92,21
70,"BETHANY BOYD",33,"WEST STEVEN","A4",70,45532,TRUE,70,33
71,"KRISTOPHER BROWNING",31,"WEST JORGE","C2",88,45410,FALSE,88,31
72,"MARIA CRUZ",34,"BRIDGESVILLE","D2",54,45413,TRUE,54,34
73,"SARAH HENSON",23,"SILVABERG","E1",66,45400,FALSE,66,23
74,"MALLORY BAXTER",27,"LAKE JOHNFURT","D3",84,45390,TRUE,84,27
75,"JEFFREY FISHER",21,"FRAZIERBURGH","E2",97,45306,FALSE,97,21
77,"TROY POPE",23,"SOUTH JAMESHAVEN","B1",64,45356,TRUE,64,23
79,"KAREN TANNER",22,"RYANSTAD","B2",89,45542,TRUE,89,22
80,"TARA ALVAREZ",20,"EAST DAVID","A2",65,45545,TRUE,65,20
81,"BENJAMIN MARTIN",34,"CHRISVIEW","E4",74,45453,TRUE,74,34
82,"KRISTEN GILL",21,"WOODWARDVILLE","B1",64,45548,TRUE,64,21
83,"TIMOTHY RITTER",20,"THOMASTON","A4",60,45332,TRUE,60,20
84,"RACHEL LEONARD",28,"NEW MICHAELBURGH","A3",54,45362,TRUE,54,28
85,"MICHAEL GROSS",31,"PORT JACOBMOUTH","A1",70,45315,TRUE,70,31
86,"JAMES ANDREWS",34,"PORT ANNA","E4",91,45335,TRUE,91,34
87,"COLLEEN CLARK",25,"ERICVIEW","B3",90,45383,TRUE,90,25
88,"RICHARD LYNCH",27,"CHARLESSIDE","E1",61,45561,TRUE,61,27
90,"CRYSTAL BLAIR",28,"SHARONBOROUGH","B4",53,45574,FALSE,53,28
91,"JAMES JONES",29,"NEW WILLIAMBURY","D2",94,45354,TRUE,94,29
92,"BARBARA WONG",20,"CARLSIDE","A3",76,45411,TRUE,76,20
93,"STACY MASON",20,"SOUTH MARKSHIRE","A3",77,45318,TRUE,77,20
94,"LAUREN DAVIS",21,"NEW JENNIFERTOWN","C4",52,45466,FALSE,52,21
95,"ROBERT JOHNSON",21,"WEST PATRICIA","B3",52,45518,TRUE,52,21
96,"SARAH ALLEN",32,"NEW LINDSEYBOROUGH","A1",73,45367,TRUE,73,32
97,"DAWN WILLIAMS",21,"PORT JACQUELINEBERG","B3",95,45363,TRUE,95,21
98,"SARAH SANTANA",32,"SERRANOFURT","E4",78,45528,TRUE,78,32
99,"ELIZABETH MITCHELL",27,"BRIANAFURT","D3",68,45525,FALSE,68,27
101,"BRADLEY DUNN",22,"HUNTVIEW","A4",51,45554,TRUE,51,22
102,"KAYLA LONG",28,"EAST LUISBURY","E3",54,45449,TRUE,54,28
103,"WILLIAM LAWRENCE",29,"WEST CHARLES","E4",86,45427,FALSE,86,29
104,"JOHN HERNANDEZ",26,"PORT CHRISTINAMOUTH","E4",67,45564,FALSE,67,26
105,"MELVIN RAY",29,"LAKE AUSTIN","C2",74,45547,TRUE,74,29
106,"KATHERINE FRANK",20,"WEST DAVID","D2",75,45502,TRUE,75,20
107,"PETER MASON",34,"EAST BRIAN","B3",93,45473,TRUE,93,34
110,"SAVANNAH BOYD",24,"PORT JASON","C4",71,45501,FALSE,71,24
111,"LAUREN SANCHEZ",32,"WEST AMANDA","A2",59,45308,TRUE,59,32
112,"DANNY JACOBS",28,"NORTH PATRICIA","A1",86,45575,FALSE,86,28
113,"JOHNNY WILSON",26,"ANGELVILLE","D2",93,45376,TRUE,93,26
114,"AMY GARDNER",31,"EAST JILLIAN","C1",91,45362,TRUE,91,31
115,"DENISE SMITH",20,"PORT TRACYSIDE","A1",56,45571,FALSE,56,20
116,"JOANN HERRERA",21,"DUNCANCHESTER","E1",67,45543,TRUE,67,21
117,"CRYSTAL CARPENTER",20,"KARLASTAD","D3",81,45514,FALSE,81,20
118,"HENRY DAVIS",29,"SOUTH DAVID","A3",97,45406,TRUE,97,29
119,"DR. JASMINE HICKS",31,"SULLIVANFURT","B3",94,45337,FALSE,94,31
120,"CHERYL MCBRIDE",34,"WARDFORT","D3",56,45468,TRUE,56,34
121,"CHRISTINA GREEN",26,"ADKINSFURT","E3",66,45494,FALSE,66,26
122,"TRACY BRADLEY",26,"TIMOTHYBOROUGH","C2",80,45506,TRUE,80,26
123,"RYAN ALLEN",26,"PALMERSTAD","D4",78,45405,FALSE,78,26
124,"KYLE SCHULTZ",20,"SOUTH JENNIFER","D3",61,45410,TRUE,61,20
125,"KEVIN LEE",21,"WENDYFORT","D1",82,45308,TRUE,82,21
126,"MR. DANIEL PETERSEN II",30,"WEST JOHNATHANSTAD","C2",88,45477,TRUE,88,30
127,"VICKI SMITH",32,"STANLEYBURGH","A1",75,45395,TRUE,75,32
129,"JAMES ROBLES",22,"WEST MARY","C3",79,45454,TRUE,79,22
130,"ADAM ZUNIGA",21,"NORTH TARA","D2",52,45575,TRUE,52,21
131,"MANUEL MITCHELL",31,"ARMSTRONGSTAD","E3",69,45540,TRUE,69,31
132,"DANIEL SMITH",29,"WILLIAMSONBERG","D4",62,45307,TRUE,62,29
133,"SAMANTHA SMITH",31,"SOUTH CRYSTAL","E4",68,45382,TRUE,68,31
134,"SEAN SULLIVAN",31,"NEW PAULSTAD","A4",50,45443,TRUE,50,31
135,"JULIE GRIFFIN",29,"PORT PAULSTAD","A1",91,45360,TRUE,91,29
136,"THERESA CASTILLO",34,"LAURASHIRE","B2",72,45347,TRUE,72,34
137,"TINA THOMPSON",32,"BRYANVIEW","E1",67,45444,TRUE,67,32
138,"TAYLOR GARDNER",34,"NORTH AMYBURY","C3",92,45532,TRUE,92,34
140,"JESUS WILCOX",26,"KENNETHHAVEN","A4",54,45343,TRUE,54,26
142,"ANDREW DOUGHERTY",22,"GARRETTHAVEN","A3",55,45423,TRUE,55,22
143,"CRAIG BAUTISTA",24,"BRUCEMOUTH","C2",64,45351,TRUE,64,24
144,"FELICIA KELLY",31,"MICHELLEVIEW","E2",60,45560,FALSE,60,31
145,"EVAN ROBERTS",25,"GRIFFINTON","C1",79,45333,FALSE,79,25
146,"TIFFANY YATES",33,"BENTLEYBERG","C3",69,45360,FALSE,69,33
147,"KAYLEE MACIAS",27,"PORT SHANNON","D2",84,45501,TRUE,84,27
148,"PAMELA CAMPBELL",26,"GARCIATON","E4",53,45336,FALSE,53,26
149,"BRIAN SANDOVAL",33,"JOSEPHSIDE","D3",58,45333,FALSE,58,33
150,"MICHAEL YOUNG",29,"WEST SHAWN","C3",76,45401,FALSE,76,29
151,"SAMANTHA CONWAY",24,"KRISTENBURY","B3",68,45565,TRUE,68,24
152,"RONALD BURGESS",33,"EAST CRAIG","B4",54,45476,FALSE,54,33
154,"LAURA RUIZ",30,"LAKE RACHEL","D2",92,45307,TRUE,92,30
155,"MICHAEL KING",21,"MACDONALDSHIRE","D1",79,45330,TRUE,79,21
156,"MICHELLE GOMEZ",33,"WEST JONATHAN","D2",85,45381,FALSE,85,33
157,"WILLIAM ESPARZA",21,"MCCANNVILLE","E1",65,45460,FALSE,65,21
158,"NANCY TAYLOR",28,"NORTH RICHARDLAND","D4",96,45527,TRUE,96,28
159,"WILLIAM YOUNG",30,"KLEINFURT","E2",95,45572,TRUE,95,30
160,"JESSICA MILLER",24,"CHRISTOPHERHAVEN","E2",53,45461,TRUE,53,24
161,"ANNA SMITH",21,"WEST BILLY","A1",53,45433,TRUE,53,21
162,"JENNIFER BROWN",23,"BETHANYFURT","B2",56,45476,TRUE,56,23
163,"KENNETH SANDERS IV",29,"EMILYTOWN","A3",52,45525,FALSE,52,29
165,"JENNIFER DAVIS",29,"WILKINSBOROUGH","E2",74,45367,FALSE,74,29
166,"HEATHER ROBERSON",26,"JOELSTAD","C3",85,45338,FALSE,85,26
167,"ERIC CHERRY",28,"MENDEZFORT","E4",53,45458,TRUE,53,28
168,"JORDAN PINEDA",29,"COOKTOWN","E4",57,45510,TRUE,57,29
169,"HEATHER BOLTON",23,"LAKE DAVIDBURGH","C4",77,45461,FALSE,77,23
170,"ANGELA LEE",33,"NORTH JILLFURT","B4",52,45449,TRUE,52,33
171,"MICHAEL BUSH",26,"PORT SHANE","C2",98,45501,TRUE,98,26
172,"JAMES ROLLINS",20,"COLEMANSTAD","B1",57,45469,TRUE,57,20
173,"JESSICA BLAKE",32,"LAKE CHARLES","E1",60,45307,TRUE,60,32
174,"SHANNON KELLY",21,"SOUTH HERBERT","B4",95,45485,TRUE,95,21
175,"ALLEN HAMMOND",21,"MICHELLEFORT","E3",98,45360,FALSE,98,21
176,"MICHAEL REEVES",25,"THOMASBURGH","E3",55,45300,TRUE,55,25
177,"JENNIFER HARPER",27,"NEW DONALD","A2",90,45540,TRUE,90,27
178,"KATHLEEN HENDERSON",27,"PORT RAYMOND","B2",72,45526,FALSE,72,27
179,"KAITLYN CARTER",27,"BOBBYVIEW","B2",93,45534,FALSE,93,27
180,"ANGELA HUNT",21,"NORTH ASHLEYHAVEN","D3",51,45360,TRUE,51,21
181,"ANGELICA LEE",32,"SOUTH CHRISTINE","B4",56,45542,TRUE,56,32
182,"AMANDA CHOI",30,"DANIELVILLE","D3",78,45374,TRUE,78,30
183,"JERRY MORRIS",21,"ROBERTTON","C1",55,45452,TRUE,55,21
184,"JENNIFER BROWN",27,"WEBERVILLE","B4",90,45348,TRUE,90,27
185,"ALLISON MARTIN",28,"KIMBERLYVILLE","C2",60,45474,FALSE,60,28
186,"NICHOLAS HARRISON",31,"BROWNSIDE","C3",57,45457,TRUE,57,31
187,"DEREK SANDOVAL",25,"PORT TODD","A4",79,45576,TRUE,79,25
188,"MADISON RAMIREZ",25,"AGUILARBOROUGH","D4",86,45333,TRUE,86,25
190,"MARCUS NOVAK",30,"EAST BRITTNEY","B2",97,45308,TRUE,97,30
191,"RAYMOND BROWN",20,"CRUZHAVEN","D2",52,45301,TRUE,52,20
192,"JACOB KIRBY",20,"HALEYMOUTH","A4",91,45494,TRUE,91,20
194,"SARAH ALI",23,"WEST AMBERVILLE","C4",82,45502,FALSE,82,23
195,"DANIELLE PETERS",26,"DONNAHAVEN","B2",99,45428,FALSE,99,26
196,"ELIZABETH ROBERTSON",22,"PORTERLAND","B1",75,45343,TRUE,75,22
198,"CHELSEA RAMIREZ",29,"WILLIAMSONBURGH","D1",69,45551,TRUE,69,29
199,"NANCY GREENE",20,"PORT NATALIE","A2",82,45391,TRUE,82,20
200,"MICHAEL GARCIA",23,"WEST JENNIFERTOWN","B2",77,45456,TRUE,77,23
201,"BRIAN REYNOLDS",34,"MORGANSTAD","B1",76,45541,TRUE,76,34
202,"ERICA DELGADO",26,"JOHNFORT","C2",78,45420,TRUE,78,26
204,"MADISON CHANG",34,"SOUTH ANNEBERG","C1",73,45544,TRUE,73,34
205,"MAURICE GILBERT",21,"HEATHERHAVEN","A4",68,45304,TRUE,68,21
206,"RICHARD RICE",26,"LAKE JESSICA","D3",55,45313,TRUE,55,26
207,"MARIA PERRY",22,"SOUTH CASSANDRA","E1",51,45308,TRUE,51,22
208,"CHRISTOPHER ACOSTA",34,"VANESSAMOUTH","A3",71,45345,TRUE,71,34
209,"TERESA MOONEY",21,"GARCIASTAD","D4",84,45386,TRUE,84,21
210,"DENISE PENA",25,"MICHAELVIEW","B4",51,45558,FALSE,51,25
211,"RYAN CASE",21,"WATSONTOWN","E2",79,45530,FALSE,79,21
213,"CRYSTAL MONTGOMERY",20,"CAINVILLE","D3",84,45402,TRUE,84,20
214,"CHRISTOPHER TAYLOR",23,"PORT VALERIE","C2",64,45468,TRUE,64,23
215,"YVETTE SANFORD",23,"SMITHCHESTER","D3",92,45446,TRUE,92,23
216,"TYLER WASHINGTON",30,"LAKE ALEXIS","D2",80,45428,FALSE,80,30
217,"CLAUDIA ROBERTSON",30,"EAST MICHAEL","A1",59,45522,TRUE,59,30
218,"JANET DOWNS",20,"EAST MATTHEW","A3",77,45500,TRUE,77,20
219,"NICOLE ZUNIGA",33,"MCPHERSONSHIRE","C3",57,45390,TRUE,57,33
220,"MR. WILLIAM COLLINS",25,"WEST RAVEN","D1",62,45506,FALSE,62,25
221,"JOSEPH GILES",25,"DUNNSIDE","D1",79,45384,TRUE,79,25
222,"MR. GEORGE GARZA PHD",29,"ANNETTESHIRE","E3",86,45354,FALSE,86,29
223,"CAROLYN CARTER",24,"PENABURGH","B1",88,45556,TRUE,88,24
224,"KATIE HIGGINS",25,"WILLISLAND","B4",78,45503,FALSE,78,25
225,"CINDY GARCIA",29,"JAIMEBERG","C1",99,45404,TRUE,99,29
226,"HEATHER THOMPSON",27,"SOUTH JUSTIN","C4",71,45429,FALSE,71,27
227,"STEVEN DAVIS",32,"SCHMIDTTON","C3",73,45393,TRUE,73,32
228,"HEATHER BENNETT",27,"WEST WILLIAMFORT","E2",87,45324,TRUE,87,27
230,"LAUREN PERRY MD",27,"SAMANTHABURY","C2",63,45468,FALSE,63,27
231,"AMY WASHINGTON",29,"SOUTH ANDREA","D3",95,45294,TRUE,95,29
232,"CRYSTAL DANIELS",27,"SILVABERG","D1",90,45329,TRUE,90,27
234,"DAVID HERRERA",34,"LAKE NANCY","D4",51,45326,TRUE,51,34
235,"DAWN PETERSON",28,"JOHNSONBURY","A4",58,45426,TRUE,58,28
236,"CODY HERNANDEZ",22,"WEST PATRICK","A2",89,45479,TRUE,89,22
237,"EMILY HODGE",21,"KIMBERG","E4",94,45332,TRUE,94,21
238,"MS. MARISA WILLIAMS",26,"NORTH AMYBURY","D2",59,45428,TRUE,59,26
239,"JACOB PRICE",32,"KATHRYNVIEW","A3",99,45556,TRUE,99,32
241,"WALTER GARZA",26,"NEW KARENLAND","E4",99,45350,FALSE,99,26
242,"RYAN MORAN",25,"GARRETTFURT","C1",75,45371,TRUE,75,25
243,"ANN SALAZAR",31,"NEW KATIE","A2",73,45415,TRUE,73,31
245,"JONATHAN CARTER",29,"WEST BRANDI","A4",60,45478,FALSE,60,29
246,"CASSIDY NORMAN",22,"SARAHPORT","E4",76,45300,TRUE,76,22
248,"KELSEY THOMPSON",28,"STEVENLAND","E3",81,45505,TRUE,81,28
249,"AUDREY SIMPSON",32,"EAST GERALD","D4",71,45518,TRUE,71,32
250,"KRISTA MCPHERSON",22,"REYESPORT","B4",83,45386,TRUE,83,22
251,"KENDRA MAXWELL",21,"BRIANNAPORT","D3",95,45420,TRUE,95,21
252,"WHITNEY LEE",25,"ERINFURT","D2",51,45377,FALSE,51,25
253,"LAURA GUTIERREZ",26,"STRICKLANDMOUTH","B2",82,45469,FALSE,82,26
254,"BRYAN HUBBARD",31,"DONNAMOUTH","B2",93,45453,FALSE,93,31
255,"JASMINE MCCOY",23,"WEST MELISSACHESTER","A4",56,45433,FALSE,56,23
257,"HAROLD LONG",26,"PHILLIPSFORT","C1",80,45351,TRUE,80,26
258,"SARA ACOSTA",33,"NEW DANIEL","D2",96,45456,TRUE,96,33
259,"MICHAEL SANDOVAL",33,"FUENTESTON","A3",76,45337,FALSE,76,33
260,"KEVIN MARTINEZ",29,"MICHELLESHIRE","A2",88,45433,TRUE,88,29
261,"ABIGAIL VELEZ",22,"HAROLDVIEW","B3",86,45553,TRUE,86,22
262,"ELIZABETH FOX MD",25,"SCOTTFURT","E2",67,45416,TRUE,67,25
263,"TONY WATSON",31,"SOUTH CHRISTOPHER","D3",98,45501,TRUE,98,31
264,"LAUREN MITCHELL",28,"JEREMYFORT","E3",62,45459,FALSE,62,28
265,"ANITA DAVIS",32,"LAKE WILLIAM","C4",97,45503,TRUE,97,32
266,"BRUCE PUGH",21,"LAKE BOB","A2",89,45455,FALSE,89,21
267,"ANDREA MOSS",27,"ROBERTSSHIRE","C1",98,45300,TRUE,98,27
268,"KATHLEEN MILLER",20,"NORTH CHRISTINE","D4",98,45422,TRUE,98,20
269,"MRS. MEGAN LEWIS",29,"VICKISHIRE","E3",75,45420,TRUE,75,29
270,"JESSICA DELGADO",31,"SOUTH REBECCABURY","C3",50,45573,TRUE,50,31
272,"CHARLES MARTIN",24,"PATRICKHAVEN","E4",80,45504,FALSE,80,24
273,"PHILLIP HARRIS",28,"LAKE DENISE","E2",91,45520,TRUE,91,28
274,"BENJAMIN GIBSON",34,"PORT ANNE","A4",97,45526,FALSE,97,34
275,"KATRINA SCHAEFER",34,"GALLEGOSSHIRE","A2",86,45303,TRUE,86,34
276,"JORGE FLORES",21,"MARIOSHIRE","E2",88,45455,FALSE,88,21
277,"JAIME BERRY",28,"THOMPSONBERG","A2",78,45576,FALSE,78,28
278,"NICHOLAS DEAN",27,"SOUTH HEATHER","C2",92,45559,FALSE,92,27
279,"KATHRYN DAVIDSON",30,"LAKE CARLATOWN","A1",73,45474,TRUE,73,30
280,"ANTHONY CARTER",31,"JORDANSHIRE","E1",65,45510,FALSE,65,31
281,"JENNIFER BURGESS",24,"DONNAFORT","A3",88,45461,TRUE,88,24
282,"WILLIAM SELLERS",24,"SOUTH CHARLOTTE","E2",88,45408,FALSE,88,24
283,"LOGAN BISHOP",25,"BARRMOUTH","D3",72,45521,TRUE,72,25
284,"JANET CALLAHAN",26,"JOHNSONSTAD","B4",98,45457,TRUE,98,26
285,"TIMOTHY WONG",31,"PORT BRENDA","C1",57,45487,TRUE,57,31
286,"MICHAEL DOYLE",25,"NEW MARY","D3",87,45570,TRUE,87,25
287,"NANCY PALMER",34,"LAKE BRANDONLAND","C2",52,45301,FALSE,52,34
288,"KATHERINE JIMENEZ",33,"JOHNTON","C3",63,45477,TRUE,63,33
289,"ANTHONY MCCARTY",26,"DONALDBURGH","E4",70,45412,TRUE,70,26
290,"ERIC MCDONALD",21,"GROSSBURGH","C2",96,45475,TRUE,96,21
291,"BENJAMIN HANNA",24,"NORTH JAMESTON","C3",79,45370,TRUE,79,24
292,"DEANNA ROBINSON",25,"MICHAELTOWN","E4",82,45468,TRUE,82,25
293,"HOWARD KELLEY",20,"VICTORLAND","D4",69,45473,FALSE,69,20
294,"MR. RONALD WILLIAMS",34,"ASHLEYCHESTER","C3",94,45301,TRUE,94,34
295,"CATHERINE MARTINEZ",31,"RYANSIDE","B4",94,45572,TRUE,94,31
296,"KAYLA DURAN",22,"PORT MEGAN","D4",72,45344,TRUE,72,22
297,"ROBERT PARRISH",22,"EAST TIMOTHY","A3",72,45556,TRUE,72,22
298,"GAVIN LUCAS",30,"NORTH WILLIAMSHIRE","D3",94,45525,FALSE,94,30
300,"ALEJANDRO DAVIS",23,"NEW JENNIFER","B2",84,45314,FALSE,84,23
302,"KEVIN HOFFMAN",25,"NEW ROBERT","D4",71,45382,FALSE,71,25
303,"NATHAN ERICKSON",27,"WEST CHAD","D2",78,45450,TRUE,78,27
304,"JAMES ARNOLD",27,"LAKE PATRICK","C4",98,45343,TRUE,98,27
306,"LAURA GOMEZ",22,"NORTH PATRICK","C1",51,45463,TRUE,51,22
307,"DANIEL HORNE",34,"EAST KATELYN","B2",95,45453,TRUE,95,34
308,"JAMES SCHWARTZ",21,"JASMINESIDE","E4",96,45478,TRUE,96,21
309,"CASSANDRA TAYLOR",28,"EAST BRAD","E2",67,45562,FALSE,67,28
311,"MICHELLE PATEL",22,"WEST MELINDAMOUTH","A4",93,45412,FALSE,93,22
312,"BRAD BROWN",22,"NORTH JOHN","D4",63,45544,TRUE,63,22
313,"LISA MORGAN",34,"SOUTH ZACHARY","A4",67,45415,TRUE,67,34
314,"JEREMY BENNETT",34,"JUSTINVIEW","C2",81,45520,TRUE,81,34
315,"PATRICK GEORGE",33,"WEST MEGAN","B2",71,45498,TRUE,71,33
316,"JOSHUA BREWER",28,"MARGARETLAND","D2",84,45522,TRUE,84,28
317,"HOLLY REILLY DDS",31,"NEW LAURENBOROUGH","D4",95,45538,TRUE,95,31
318,"ASHLEY SWEENEY",26,"WEST DANIEL","E4",51,45419,TRUE,51,26
319,"SUSAN WILLIAMS",29,"LINDALAND","E3",55,45390,FALSE,55,29
320,"LAURIE JACKSON",24,"MCCORMICKBURY","A4",97,45465,FALSE,97,24
321,"DAVID SOLIS",27,"MADISONSTAD","D4",88,45483,TRUE,88,27
322,"LINDA WILSON",33,"NORTH PHILLIP","E4",81,45363,TRUE,81,33
323,"LAURA WILSON",21,"WEST CHADPORT","C1",78,45366,TRUE,78,21
324,"MAUREEN HAMMOND",30,"WEST MICHAELLAND","B3",88,45307,TRUE,88,30
325,"MARK BOWMAN",28,"NORTH MELINDAVILLE","B1",98,45388,TRUE,98,28
326,"JERRY BROOKS",20,"REEDBOROUGH","A4",54,45440,TRUE,54,20
328,"DIANE RAMIREZ",29,"DANIELPORT","B1",57,45491,TRUE,57,29
329,"SAMANTHA EVANS",21,"NEW JEREMY","C1",53,45356,TRUE,53,21
330,"DONALD RIVERA",30,"WILLIAMSVIEW","B3",71,45338,TRUE,71,30
331,"EDWARD GRANT",22,"JOHNSONTON","C3",71,45459,TRUE,71,22
334,"DEBORAH DELGADO",25,"HESSSTAD","C3",78,45379,TRUE,78,25
335,"CATHERINE DAVIS",22,"GARCIAMOUTH","C2",97,45416,FALSE,97,22
336,"GREGORY GIBSON",21,"WEST MARIEBURGH","B1",82,45468,FALSE,82,21
337,"CHRISTINE FIGUEROA",23,"HARPERSTAD","D2",87,45496,TRUE,87,23
338,"TAYLOR WOLFE",24,"BRANDONCHESTER","B3",83,45477,TRUE,83,24
339,"LISA CARROLL",21,"EAST RICHARD","D1",85,45315,TRUE,85,21
340,"JEFFREY BROWN",20,"DAVIDCHESTER","E2",82,45523,TRUE,82,20
341,"JESSICA SANCHEZ",26,"NEW STEPHANIE","D2",89,45297,TRUE,89,26
343,"WILLIAM WILLIAMS",22,"NEW MICHELEVILLE","E2",59,45506,TRUE,59,22
345,"SUSAN FOSTER",31,"ERIKTOWN","E3",94,45564,FALSE,94,31
346,"DENNIS VALENCIA",27,"NORTH RICHARDBERG","C1",72,45314,TRUE,72,27
347,"JAMES DEAN",23,"REYESFURT","A4",55,45569,TRUE,55,23
349,"SHERI LANE MD",25,"SEANBURGH","B2",59,45347,TRUE,59,25
350,"HECTOR ROBINSON",26,"MERRITTBOROUGH","E1",51,45484,FALSE,51,26
351,"EMILY WILSON",25,"NORTH JOSHUA","B3",93,45323,TRUE,93,25
352,"EDWARD CAMPBELL",21,"BECKERBERG","E1",55,45479,TRUE,55,21
353,"TROY RAMOS",30,"PORT STEVEN","E4",92,45380,TRUE,92,30
354,"PAULA SMITH",21,"NORTH TROY","B3",54,45546,TRUE,54,21
355,"RODNEY DYER",24,"STEPHENFORT","A1",57,45356,TRUE,57,24
356,"DYLAN GILES",25,"SOUTH CYNTHIAFURT","A4",69,45316,TRUE,69,25
358,"NANCY MCKEE",23,"WILLIAMVIEW","E2",63,45362,TRUE,63,23
359,"GUY LOWE",29,"HANNAHBURY","D3",61,45315,TRUE,61,29
360,"DAVID THOMAS",27,"PHILLIPSTOWN","B1",73,45506,FALSE,73,27
361,"REBECCA PACHECO",25,"PORT LYNN","D2",88,45367,TRUE,88,25
362,"GREGORY CALHOUN",23,"KIDDSHIRE","A1",61,45485,FALSE,61,23
363,"JEFF HAYDEN",26,"KELLYMOUTH","D4",90,45296,TRUE,90,26
364,"JASON BAILEY",29,"CINDYSIDE","E3",81,45488,TRUE,81,29
365,"JOSEPH THOMPSON",32,"EAST ASHLEY","B3",53,45498,FALSE,53,32
367,"VALERIE ROBINSON",26,"JOHNATHANLAND","E3",57,45440,FALSE,57,26
368,"SABRINA SMITH",24,"DESTINYMOUTH","C4",52,45574,TRUE,52,24
369,"THOMAS MARTINEZ",28,"PORT JUANFURT","A2",75,45526,FALSE,75,28
370,"DAVID ROBINSON",20,"GAINESVILLE","E1",96,45384,TRUE,96,20
372,"RACHEL CASTANEDA",32,"SOUTH JENNIFERFURT","D2",66,45468,TRUE,66,32
374,"WILLIAM MURPHY",24,"WEST RENEE","D3",67,45343,TRUE,67,24
376,"RANDY HAYES",30,"NORTH JACQUELINESTAD","E4",64,45544,TRUE,64,30
377,"JESSICA MURPHY",31,"TANYATON","A2",56,45580,FALSE,56,31
378,"DOROTHY LYNCH",27,"JUANTOWN","B3",63,45461,FALSE,63,27
379,"JENNIFER RYAN",22,"ANAVIEW","B4",78,45292,TRUE,78,22
380,"CYNTHIA SANTIAGO",21,"PORT KATHRYNSHIRE","B3",53,45527,TRUE,53,21
381,"ERICA HERNANDEZ",20,"ANDREWHAVEN","B1",94,45293,FALSE,94,20
382,"BARBARA RYAN",31,"CRUZCHESTER","C4",88,45302,TRUE,88,31
383,"CHRISTINE BURTON",33,"LAKE NICHOLASPORT","C4",97,45504,FALSE,97,33
384,"SAMANTHA VANG",22,"LAKE GINAPORT","B3",54,45524,TRUE,54,22
385,"SAMANTHA SMITH",27,"DAVIDTOWN","A3",50,45392,FALSE,50,27
386,"BRANDY WEBB",22,"SOUTH CINDYFURT","D4",61,45339,FALSE,61,22
387,"AMANDA MCDONALD",31,"NORTH CAROLYNVIEW","E3",88,45294,FALSE,88,31
388,"JOHN GREEN",31,"NORTH JAMESVIEW","B3",56,45519,TRUE,56,31
389,"MATTHEW LEBLANC",20,"PATRICKFORT","E1",70,45410,TRUE,70,20
390,"JESSICA HAHN",21,"CHRISTINEPORT","A1",56,45398,TRUE,56,21
391,"MR. JOSHUA ADAMS",27,"BOOTHSHIRE","E2",66,45417,TRUE,66,27
392,"SHERI DAVIES",30,"EAST AARONFORT","C3",50,45543,TRUE,50,30
393,"TRAVIS MEJIA",33,"OCHOAFURT","B2",53,45307,TRUE,53,33
394,"JOSEPH MANN",20,"WEST KELLYLAND","E3",55,45472,FALSE,55,20
395,"MICHAEL DICKSON",24,"NEW BRITTANY","D2",97,45327,TRUE,97,24
396,"MR. ANDREW WRIGHT",32,"ANDERSONTOWN","C4",89,45399,FALSE,89,32
397,"CHAD GOMEZ",34,"SANTANASTAD","B1",66,45314,TRUE,66,34
398,"JACQUELINE CHANG",33,"NORTH ADAM","A4",75,45540,TRUE,75,33
399,"WILLIE SMITH",26,"EAST KATHERINE","A4",80,45409,TRUE,80,26
401,"MICHAEL SMITH",28,"PORT JENNIFERTON","B4",61,45496,TRUE,61,28
402,"JOSHUA ANDERSON",29,"JUSTINBOROUGH","E1",90,45456,FALSE,90,29
403,"TRACEY HATFIELD",31,"TROYPORT","D1",50,45447,TRUE,50,31
404,"MELISSA CHRISTENSEN",25,"NORTH KATHY","D4",83,45316,FALSE,83,25
405,"KRISTINA BARBER",24,"NORTH NICOLE","C4",75,45461,FALSE,75,24
406,"REBECCA PETERSON",31,"HAMILTONSTAD","B4",64,45560,TRUE,64,31
407,"MICHELLE ELLIOTT MD",33,"EAST FRANCISCO","C1",98,45565,TRUE,98,33
408,"RANDY JOHNSON",27,"PAULSIDE","D1",84,45409,TRUE,84,27
409,"ERIC LIU",24,"JULIESTAD","D2",90,45363,TRUE,90,24
410,"KRISTY WARD",29,"PRESTONCHESTER","E2",93,45563,TRUE,93,29
411,"MARY BOWEN",25,"SMITHMOUTH","C4",88,45311,TRUE,88,25
413,"MELISSA DONOVAN",27,"BRIANFURT","A4",92,45574,TRUE,92,27
414,"THERESA TAYLOR",20,"SOUTH MALLORYPORT","B3",84,45292,TRUE,84,20
415,"DAVID MENDOZA",32,"LAKE JIMMY","D3",88,45433,TRUE,88,32
416,"KAREN CONNER",23,"LAKE THOMASVIEW","B1",71,45470,TRUE,71,23
417,"ALICIA ANDERSON",22,"LAKE MICHAELTOWN","C1",70,45466,TRUE,70,22
418,"AMY GILBERT",32,"RYANTOWN","D4",76,45492,TRUE,76,32
420,"JOSEPH MOORE",30,"MULLENCHESTER","E4",77,45331,TRUE,77,30
422,"CHRISTOPHER FARRELL",27,"NEW PAMBERG","E2",75,45524,FALSE,75,27
423,"JOHN MITCHELL",34,"RODRIGUEZBERG","D4",57,45449,TRUE,57,34
424,"DANIEL SKINNER",20,"SOUTH MICHAEL","D1",54,45472,TRUE,54,20
425,"MARC KELLY",26,"WEST JOHNLAND","C3",54,45494,TRUE,54,26
426,"JUSTIN OWENS",28,"ANTONIOBERG","B3",59,45412,TRUE,59,28
427,"TODD BENNETT",34,"BUCKCHESTER","B4",54,45458,FALSE,54,34
430,"FREDERICK BARNES",23,"ANTHONYMOUTH","E4",60,45331,TRUE,60,23
431,"BRIAN WALLACE",20,"EAST ERICLAND","A4",73,45391,TRUE,73,20
432,"DANIEL MARTIN",33,"SMITHFURT","D4",98,45527,TRUE,98,33
433,"KIMBERLY GARCIA",21,"JOSHUATON","A2",82,45376,TRUE,82,21
434,"JACOB WALLS",32,"PEREZMOUTH","B4",63,45357,TRUE,63,32
435,"MATTHEW ANDERSON MD",23,"WEST CHRISTOPHER","E3",71,45457,TRUE,71,23
436,"TINA MARTIN",29,"DANIELMOUTH","B1",78,45388,TRUE,78,29
437,"ANGIE JOHNSON",24,"BARBERSTAD","C2",73,45501,TRUE,73,24
438,"ALEXIS RUSSELL",24,"KYLEBOROUGH","C3",98,45453,TRUE,98,24
439,"MEGAN LEE MD",24,"WEST SHERIBURGH","A2",55,45327,FALSE,55,24
440,"CATHERINE WEAVER",20,"MARCFORT","C4",52,45505,TRUE,52,20
441,"JERMAINE GARCIA",24,"BOYDBURGH","C1",50,45328,TRUE,50,24
442,"TAMMY FRAZIER",23,"CINDYTON","E3",59,45412,FALSE,59,23
443,"MRS. ASHLEY SOTO",23,"JORDANCHESTER","A1",57,45328,FALSE,57,23
444,"DENNIS RUIZ",31,"LAKE LAURAFURT","C3",79,45554,TRUE,79,31
445,"JONATHAN HAYES",27,"POOLEBERG","D1",71,45306,TRUE,71,27
446,"DORIS BLANCHARD",22,"HALLCHESTER","B4",66,45468,TRUE,66,22
447,"TERESA RIVERS",31,"JOSHUAFURT","B1",64,45363,FALSE,64,31
448,"KIMBERLY MORENO",21,"DARIUSTON","B4",69,45293,FALSE,69,21
449,"JILLIAN JONES DDS",31,"TRACIMOUTH","E3",87,45481,FALSE,87,31
450,"LAURA DAVIS",26,"JANETPORT","A1",76,45499,FALSE,76,26
451,"PAMELA SMITH",31,"JUDYBURY","E1",62,45506,TRUE,62,31
452,"BRADLEY OSBORNE",23,"LEAHFURT","D3",65,45325,FALSE,65,23
453,"BARBARA PEREZ",34,"NEW MARIA","C1",69,45491,TRUE,69,34
454,"OMAR RILEY",32,"NORTH SHEENA","C1",68,45522,TRUE,68,32
455,"THERESA LUCAS",23,"SAMUELBURGH","B1",92,45541,FALSE,92,23
457,"BENJAMIN LEE",23,"THOMASSHIRE","D2",66,45580,TRUE,66,23
458,"RICHARD BEAN",24,"PORT CHELSEA","A4",61,45461,TRUE,61,24
459,"CASSANDRA VELAZQUEZ",30,"DRAKEFURT","B2",85,45356,FALSE,85,30
460,"DEBORAH CARTER",28,"EAST COREYMOUTH","C4",59,45464,FALSE,59,28
461,"DOUGLAS ROBERTSON",32,"SHAHBERG","D4",59,45298,TRUE,59,32
462,"KAREN CAREY",26,"FIGUEROAFORT","B2",80,45410,TRUE,80,26
463,"STEPHANIE KNAPP",25,"CANTUBURY","A1",72,45332,TRUE,72,25
464,"LISA BROWN",31,"PORT VINCENTVIEW","C2",92,45321,FALSE,92,31
465,"ELIZABETH CHAN",23,"COURTNEYBURGH","B1",70,45394,TRUE,70,23
466,"TINA WARREN",33,"WEST ALEX","C2",91,45544,TRUE,91,33
467,"LEAH YATES",28,"LITTLELAND","E4",69,45447,TRUE,69,28
468,"BRANDON DIXON",21,"LEWISBERG","E2",54,45377,TRUE,54,21
469,"TERRI ADAMS",28,"SOUTH MONICA","A3",96,45573,FALSE,96,28
470,"WARREN WARREN",21,"SOUTH DAVIDHAVEN","D3",65,45523,TRUE,65,21
471,"STEVEN BRYANT",32,"PEREZSHIRE","A3",83,45522,TRUE,83,32
472,"JACQUELINE HUBBARD DDS",23,"POWELLLAND","D4",50,45459,FALSE,50,23
473,"HEATHER LEONARD",22,"JONESFURT","B1",97,45376,TRUE,97,22
474,"ZOE HOUSE",23,"SHANNONLAND","A2",65,45385,FALSE,65,23
475,"CHRISTINA OLSEN",21,"LAKE LARRY","E4",63,45380,FALSE,63,21
476,"DAVID WRIGHT",23,"CYNTHIASTAD","B2",59,45553,FALSE,59,23
477,"MONICA WARD",26,"PAULAFORT","A3",99,45555,TRUE,99,26
478,"KELLY WALKER",22,"MILLERBURGH","D4",92,45426,FALSE,92,22
481,"MATTHEW GLASS",32,"BISHOPSTAD","A3",89,45308,TRUE,89,32
482,"RONALD HORN",25,"SUSANVIEW","B2",84,45438,TRUE,84,25
483,"JAMIE SCOTT",29,"WEST DUSTIN","D1",89,45518,TRUE,89,29
484,"PATRICK WILSON",32,"NEW JAREDBURY","C2",98,45545,TRUE,98,32
485,"JAMIE DAY",34,"MIKEVILLE","B4",94,45297,TRUE,94,34
487,"ROY RIVERA",30,"MELISSALAND","E3",92,45349,TRUE,92,30
488,"JACOB MOON JR.",32,"DEBORAHBERG","C3",51,45549,FALSE,51,32
490,"REBECCA GONZALEZ",20,"WEST PAUL","D3",50,45377,TRUE,50,20
491,"JOHN WATTS",32,"JASONBURY","D4",61,45559,TRUE,61,32
492,"MARISSA PRICE",29,"BUCHANANMOUTH","D1",76,45528,TRUE,76,29
493,"JOSEPH JONES",27,"EAST ERICMOUTH","E3",80,45495,FALSE,80,27
494,"REBECCA ONEAL",32,"MICHAELFURT","D4",93,45386,TRUE,93,32
496,"JOE CHAMBERS",30,"THOMPSONVILLE","A1",69,45510,TRUE,69,30
497,"TANYA MOORE",27,"NORTH DIANABERG","B2",71,45462,TRUE,71,27
498,"STEVEN GRAHAM",22,"NEW LINDAMOUTH","A2",97,45452,TRUE,97,22
499,"ROBIN WILCOX",25,"SOUTH DONNA","A1",51,45435,TRUE,51,25
500,"JOSE HERNANDEZ",21,"JASONPORT","E2",68,45402,TRUE,68,21
501,"CLAYTON DURHAM",34,"PORT JAMESCHESTER","D2",78,45367,TRUE,78,34
502,"SHERRI JONES",30,"NORTH HEATHERMOUTH","D4",61,45411,TRUE,61,30
503,"CASSANDRA MORRISON",23,"WEST KATHERINE","B4",99,45359,TRUE,99,23
504,"CHRISTOPHER CLARK",31,"EAST EMILY","C3",89,45387,FALSE,89,31
505,"LAWRENCE NGUYEN",34,"PORT HELEN","E2",59,45565,TRUE,59,34
506,"MATTHEW JAMES",31,"MILLERLAND","D3",74,45505,FALSE,74,31
507,"MARCIA PRICE",25,"EAST LISABOROUGH","D2",54,45452,FALSE,54,25
508,"VERONICA THOMAS",32,"WEST DONNAMOUTH","A4",76,45343,TRUE,76,32
509,"JOSHUA KENNEDY",21,"NEW KEVINMOUTH","E3",93,45522,TRUE,93,21
510,"MRS. KIMBERLY NGUYEN DDS",28,"TABITHAMOUTH","A4",71,45324,TRUE,71,28
511,"THERESA PETERSON",28,"NEW ANDREA","B4",64,45424,TRUE,64,28
513,"BRETT TAPIA",34,"EAST VALERIEPORT","E4",51,45315,FALSE,51,34
514,"JARED SANDERS",28,"CAMACHOVIEW","E1",64,45318,TRUE,64,28
515,"AMANDA BRYANT",34,"SOUTH ELIZABETH","B3",50,45324,TRUE,50,34
516,"JOSE BENDER",20,"NORTH KATRINAHAVEN","A4",65,45492,FALSE,65,20
517,"HEATHER STEWART",24,"SOUTH THOMAS","C2",83,45508,TRUE,83,24
518,"JASON MERCADO",27,"COLLINSFORT","E1",82,45456,TRUE,82,27
519,"JASON FLYNN",20,"NICOLETOWN","D2",87,45565,TRUE,87,20
520,"AMY GREEN",30,"NORTH BRENDA","B1",55,45507,FALSE,55,30
521,"MELISSA MEYERS",27,"PORT MATTHEWFORT","E3",80,45478,TRUE,80,27
522,"JENNIFER LONG",22,"ROBERTHAVEN","D1",91,45565,TRUE,91,22
523,"TRAVIS ALEXANDER",22,"WEST LINDA","A2",97,45419,TRUE,97,22
524,"ANDREW OSBORNE",27,"SIMPSONTON","A4",59,45435,FALSE,59,27
525,"JAMES ANDERSON",28,"ANDREWTON","D3",57,45305,TRUE,57,28
526,"JUAN MURRAY",30,"SOUTH MARY","E4",80,45394,TRUE,80,30
527,"KAYLA WARREN",26,"PORT SARA","D3",71,45309,TRUE,71,26
529,"KIMBERLY PARKER",23,"SOUTH RANDY","B4",91,45308,TRUE,91,23
530,"ERIK ANDERSON",25,"LAKE VINCENTBERG","A2",58,45436,TRUE,58,25
533,"TONYA THOMPSON",21,"JENNIFERPORT","E4",71,45296,TRUE,71,21
534,"SHARON BROWN",26,"NORTH MICHELLEBURGH","E4",58,45397,TRUE,58,26
535,"KAITLYN SHARP",25,"LAWRENCEPORT","C2",95,45561,TRUE,95,25
536,"MELISSA DURHAM",28,"NEW LISAMOUTH","B2",99,45375,TRUE,99,28
537,"BRIAN WALKER",21,"OROZCOMOUTH","A2",50,45307,TRUE,50,21
538,"THOMAS SCHMITT",30,"MIRANDAVILLE","D2",77,45362,TRUE,77,30
539,"DESIREE ROMERO",31,"PORT JESSICAHAVEN","E1",98,45337,TRUE,98,31
541,"BRIAN CASTRO",28,"PORT DEBRA","A1",79,45324,TRUE,79,28
542,"KIMBERLY MCKNIGHT",21,"SOUTH RONALD","C2",57,45399,TRUE,57,21
543,"JOSEPH SMITH",24,"SMITHVIEW","E3",76,45537,TRUE,76,24
544,"MARK MORRIS",21,"DAVIDSHIRE","E3",81,45499,TRUE,81,21
545,"DIAMOND MCDONALD",24,"REEDMOUTH","A2",64,45557,FALSE,64,24
546,"PAMELA UNDERWOOD",20,"PORT KAREN","D1",69,45488,TRUE,69,20
547,"KENNETH STEWART",24,"PORT MADISON","A3",58,45543,TRUE,58,24
548,"JOSHUA KELLER",29,"FLOYDSHIRE","A1",89,45542,FALSE,89,29
550,"JONATHAN BAILEY",22,"WILKINSCHESTER","D3",73,45384,TRUE,73,22
551,"MR. TYLER MORALES",31,"SOUTH GEORGE","A3",63,45572,FALSE,63,31
552,"JENNIFER FLORES",27,"NORTH RICHARDMOUTH","A4",90,45390,TRUE,90,27
553,"BRANDI RANDOLPH",20,"PORT TRACEYSHIRE","C4",51,45454,TRUE,51,20
555,"JEFFREY BROOKS",30,"HILLTOWN","C1",74,45379,TRUE,74,30
556,"MARY LOPEZ",33,"WEST ELIZABETHTOWN","D3",80,45554,TRUE,80,33
558,"DUSTIN PINEDA",30,"NORTH BRANDONPORT","C4",66,45426,TRUE,66,30
559,"JAMES TAYLOR",23,"NEW MELINDAMOUTH","B1",61,45379,TRUE,61,23
560,"ANTONIO HARRINGTON",24,"CUNNINGHAMHAVEN","E1",89,45437,FALSE,89,24
562,"KATRINA STEWART",28,"JOSHUATOWN","E1",88,45307,TRUE,88,28
563,"JENNIFER FRANK DDS",24,"WILLIAMSBURGH","A3",71,45425,FALSE,71,24
564,"BRANDON WHITE",24,"NICOLETOWN","E2",74,45301,FALSE,74,24
565,"RAYMOND THOMAS",24,"HALLPORT","E3",87,45483,TRUE,87,24
566,"JASON HUNT",24,"BAXTERSTAD","E4",93,45456,FALSE,93,24
567,"DAVID SWANSON",29,"MCGEEBURY","B3",86,45498,TRUE,86,29
568,"ADAM WATTS",20,"EAST TONY","C3",82,45344,FALSE,82,20
569,"JEREMY NGUYEN",30,"MEGANTOWN","A3",59,45331,FALSE,59,30
570,"MICHELLE DELEON",27,"SOUTH NICOLE","C3",99,45386,FALSE,99,27
571,"BRIAN HARTMAN",26,"MADISONBURGH","B2",90,45500,FALSE,90,26
572,"THERESA TUCKER",23,"NORTH KATHRYN","D3",66,45358,TRUE,66,23
573,"NORMA JONES",29,"NEW KAITLIN","B2",85,45379,TRUE,85,29
575,"NICHOLAS OROZCO",29,"NEW KRYSTAL","B2",89,45530,FALSE,89,29
576,"MARY COLLINS",33,"PORT JESUS","B1",87,45387,TRUE,87,33
577,"JOE WHITEHEAD",30,"NEW JOSHUA","E3",53,45333,TRUE,53,30
578,"ANTONIO HAMPTON",33,"PORT SABRINA","B3",90,45389,FALSE,90,33
579,"DONNA MCINTOSH",30,"LESIDE","A3",85,45304,TRUE,85,30
580,"NICOLE MORRISON",31,"SMITHBURY","A4",51,45431,FALSE,51,31
581,"PATRICK FOSTER",30,"LAKE ALYSSACHESTER","A1",53,45506,TRUE,53,30
582,"ALEXANDER WALL",27,"HERNANDEZTON","A3",61,45305,TRUE,61,27
583,"DYLAN ORTIZ",24,"HERRERASIDE","B4",53,45355,TRUE,53,24
584,"KATHERINE ORTEGA",22,"PORT KAREN","B2",96,45474,TRUE,96,22
585,"DAVID HARRELL",34,"NORTH RUSSELL","A3",62,45414,TRUE,62,34
586,"CRAIG OWEN II",26,"PONCEBURGH","E3",82,45357,TRUE,82,26
587,"ZACHARY VEGA",23,"JOSHUAPORT","E1",89,45326,TRUE,89,23
588,"DAVID HART",33,"SAMPSONVIEW","C2",50,45500,TRUE,50,33
589,"DALE JOHNSON",23,"PORT ROBERT","D1",97,45433,TRUE,97,23
590,"EDWARD WALLACE",23,"FIGUEROATOWN","B1",73,45528,FALSE,73,23
592,"TIMOTHY MONTGOMERY",34,"NEW MICHELLEHAVEN","A4",51,45312,FALSE,51,34
593,"AMY YANG MD",34,"WHITETON","D4",84,45385,TRUE,84,34
595,"DEBORAH WALSH",28,"EAST ASHLEYSIDE","A4",80,45556,TRUE,80,28
596,"JOSE GREGORY",30,"PORT CHRISTINATON","B2",71,45335,FALSE,71,30
598,"MICHELLE KIM",25,"LAKE MINDYVIEW","C3",73,45459,TRUE,73,25
599,"CHRISTINE CAMPBELL",23,"NORTH BRENTBURY","B2",85,45392,TRUE,85,23
600,"JENNA HERRERA",22,"NORTH ANDREWBERG","C2",83,45540,FALSE,83,22
601,"CHAD BRADSHAW",22,"LAKE JEREMY","D4",56,45363,TRUE,56,22
602,"ROBERT JACKSON",23,"NORTH TAYLOR","C4",74,45292,TRUE,74,23
603,"PAUL ELLIS",30,"JESSICASTAD","D3",84,45372,TRUE,84,30
604,"RYAN BROWN",30,"WONGMOUTH","D4",90,45561,TRUE,90,30
605,"JAMES NELSON",24,"PORT CATHERINETON","A4",88,45329,TRUE,88,24
606,"JAMES GIBSON",25,"EAST MICHELLE","E2",59,45503,TRUE,59,25
607,"CHRISTOPHER GONZALES",34,"NORTH SUSAN","A3",74,45313,TRUE,74,34
609,"JEFFREY MORRIS",33,"LAURABURY","B4",55,45517,TRUE,55,33
610,"HOLLY ALEXANDER",28,"EAST ANDREA","B4",98,45495,TRUE,98,28
611,"JILLIAN WHITE",21,"COLLINSSHIRE","C4",98,45448,TRUE,98,21
612,"ANGELA ARNOLD",21,"NEW TIMOTHYTON","D1",75,45404,TRUE,75,21
613,"KAREN CHAPMAN",34,"LAKE DAVIDTOWN","B2",54,45398,FALSE,54,34
614,"JACOB NELSON",34,"WEST JOELBOROUGH","E3",96,45384,TRUE,96,34
615,"KATHY HILL",27,"AARONMOUTH","D4",88,45467,TRUE,88,27
616,"STEPHANIE HAYNES MD",23,"NEW KATELYNHAVEN","E3",50,45495,TRUE,50,23
617,"EMMA LEONARD",34,"WEBBHAVEN","D3",64,45359,TRUE,64,34
618,"CHRISTOPHER MORENO",27,"WALTONHAVEN","B1",59,45303,TRUE,59,27
619,"KATELYN THOMPSON",30,"NEW CHRISTOPHERSHIRE","E3",86,45334,TRUE,86,30
620,"JEANNE KELLER",33,"NEW CASSANDRA","A3",97,45464,FALSE,97,33
621,"BETHANY ESPINOZA",24,"EAST TAMMY","D1",78,45322,TRUE,78,24
622,"MELISSA BROWN",32,"NORTH WILLIAMTOWN","D4",65,45309,FALSE,65,32
624,"MICHELLE KAISER",22,"TINASHIRE","E3",86,45308,FALSE,86,22
625,"RICKY SIMMONS",34,"SOUTH GINA","C3",57,45569,FALSE,57,34
626,"JAMES MITCHELL",22,"CALDWELLMOUTH","B1",67,45354,FALSE,67,22
627,"STEVEN GRANT",25,"STEPHANIEBERG","E3",81,45481,FALSE,81,25
628,"PRESTON MARQUEZ",32,"NORTH VINCENT","E4",93,45326,TRUE,93,32
629,"AMANDA GEORGE",25,"PORT CHRISTINA","C1",91,45447,TRUE,91,25
630,"PETER MARTINEZ",20,"PORT MICHELLEBURY","A4",65,45488,TRUE,65,20
631,"TARA COX",34,"PORT JOSEPHHAVEN","C2",78,45578,TRUE,78,34
632,"MAUREEN CHAPMAN",33,"NORTH CAITLINLAND","E2",92,45325,TRUE,92,33
633,"TONY MOYER",33,"EAST ROBERTBERG","A2",81,45538,TRUE,81,33
634,"DANIELLE GRIFFIN",29,"THOMPSONBOROUGH","B3",72,45547,TRUE,72,29
635,"RONALD LOWE",32,"WEST JESSICABURGH","E1",73,45457,FALSE,73,32
636,"TAMARA THOMAS",25,"NEW RICHARDMOUTH","D1",54,45298,FALSE,54,25
637,"RYAN DAVIDSON",20,"NEW BRENT","B2",50,45329,TRUE,50,20
638,"SABRINA GREEN",21,"ASHLEYBURGH","A4",67,45316,TRUE,67,21
639,"LONNIE TAYLOR",25,"PRESTONCHESTER","A4",56,45383,TRUE,56,25
640,"MACKENZIE GREER",31,"THOMASSHIRE","A1",54,45371,FALSE,54,31
641,"JERRY BARNES",34,"NGUYENCHESTER","A3",61,45578,FALSE,61,34
642,"HEATHER BARTLETT",23,"NORTH JOHNTOWN","D1",82,45320,FALSE,82,23
643,"BRANDON HUGHES",22,"ARMSTRONGPORT","C2",66,45531,FALSE,66,22
644,"NICOLE ROBERTS",31,"ERINHAVEN","D4",52,45401,TRUE,52,31
645,"JUSTIN SANDOVAL",23,"ALBERTBERG","B2",60,45441,TRUE,60,23
646,"GEOFFREY STRONG",29,"DANNYBERG","B1",89,45569,TRUE,89,29
647,"SANDRA ROBINSON",26,"EVANSVIEW","C4",88,45425,TRUE,88,26
649,"LAURA OBRIEN",23,"EAST DARINPORT","D1",50,45510,FALSE,50,23
650,"DAISY HOPKINS",22,"NORTH ASHLEYVIEW","D4",59,45576,TRUE,59,22
652,"AMANDA SNYDER",23,"ANTHONYSHIRE","E2",94,45411,TRUE,94,23
653,"LAURA JACOBSON",34,"WEST ERICA","B3",67,45420,TRUE,67,34
654,"CONNOR THOMAS",24,"BARRPORT","E4",86,45336,TRUE,86,24
655,"DIANA BOLTON",26,"NORTH HEATHER","B3",91,45465,FALSE,91,26
656,"MOLLY JOHNSON",22,"MEGANMOUTH","A1",97,45458,TRUE,97,22
657,"ABIGAIL HORN",28,"ROBBINSBERG","C4",55,45444,TRUE,55,28
658,"MR. RUBEN TAYLOR JR.",28,"NEW JENNIFER","C3",91,45444,TRUE,91,28
659,"ROBERT ARMSTRONG",21,"BURNSSTAD","D2",98,45422,TRUE,98,21
660,"ALEXANDER WOLF",23,"ALLENFORT","C1",88,45409,FALSE,88,23
661,"DOUGLAS WOLFE",27,"WEST DANAVILLE","A1",86,45372,TRUE,86,27
662,"PETER BURKE",26,"WEST AMANDA","C2",54,45541,FALSE,54,26
663,"RAYMOND BROWN",26,"ROBERTHAVEN","C1",99,45565,TRUE,99,26
664,"KAREN MICHAEL",28,"FARMERMOUTH","C4",61,45339,TRUE,61,28
666,"JENNIFER HEATH",32,"NICOLASBOROUGH","B3",79,45404,TRUE,79,32
667,"PAUL OLIVER",23,"SCOTTSHIRE","B4",93,45376,TRUE,93,23
668,"AMY PARK",34,"PORT KELLYHAVEN","E2",95,45462,TRUE,95,34
669,"ELIJAH ONEILL",21,"HEATHERBOROUGH","D2",61,45519,FALSE,61,21
670,"TIFFANY WHITE",25,"VARGASBOROUGH","D1",92,45547,TRUE,92,25
672,"SHAWN BENSON",26,"NORTH MELISSA","B3",51,45332,TRUE,51,26
674,"DEBORAH LEWIS",23,"DECKERBURY","C2",97,45447,TRUE,97,23
675,"PHILLIP CARSON",33,"NEW TONY","D4",84,45386,FALSE,84,33
676,"SHAWN MONTES",24,"MATTHEWFURT","C3",92,45495,TRUE,92,24
677,"DESTINY FRANCIS",33,"EAST OSCAR","C3",92,45306,FALSE,92,33
678,"VICTORIA CHEN",23,"NORTH AMY","C4",94,45480,TRUE,94,23
679,"ANDREW HERNANDEZ",27,"BENSONCHESTER","B2",60,45535,TRUE,60,27
680,"BRENDA MCDONALD",34,"JENNIFERCHESTER","C1",92,45351,TRUE,92,34
681,"CURTIS BARNES",34,"WALTERSTON","B4",90,45325,TRUE,90,34
682,"AMY THOMAS",29,"PORT LESLIE","D2",96,45428,TRUE,96,29
683,"CHRISTOPHER NOBLE",32,"PARKERTON","D4",89,45331,TRUE,89,32
684,"MARIA JACKSON",23,"NEW ERIC","E4",65,45559,FALSE,65,23
685,"MARIE OLIVER",33,"TAYLORBOROUGH","B2",95,45370,TRUE,95,33
686,"MISS FELICIA WHITE DVM",31,"SOUTH TINA","A3",76,45517,TRUE,76,31
687,"MARVIN MARSHALL",29,"WEAVERSTAD","B4",91,45534,FALSE,91,29
688,"MICHAEL CAMPBELL",29,"EAST REBECCA","A1",90,45308,TRUE,90,29
690,"JANICE LAMBERT",25,"WENDYVILLE","B3",98,45417,TRUE,98,25
691,"CHRISTOPHER JONES",34,"LAKE BROOKE","A3",66,45311,FALSE,66,34
692,"AMBER BOWERS",25,"LAKE ALEXIS","D1",93,45315,TRUE,93,25
693,"LEAH BLAIR",33,"EAST JOHNSTAD","A4",78,45517,TRUE,78,33
695,"THERESA MIDDLETON",22,"ERINTON","B4",94,45332,TRUE,94,22
696,"ARIEL SMITH",20,"DIANABURGH","C2",52,45503,TRUE,52,20
697,"TRACEY WILSON",26,"EDWARDSLAND","B2",72,45330,TRUE,72,26
698,"ANNE OLIVER",28,"BARNESTON","C1",74,45377,TRUE,74,28
699,"RICKY THOMAS",23,"JAMIESHIRE","C3",94,45392,TRUE,94,23
700,"DON PALMER",24,"LAKE SAMANTHATON","C4",69,45421,FALSE,69,24
701,"JULIE GIBSON",24,"RICHARDBOROUGH","D1",80,45534,TRUE,80,24
702,"MICHAEL WALTER",22,"CHRISTOPHERLAND","C3",63,45551,TRUE,63,22
704,"DAVID ROBINSON",22,"PORT MELISSA","C1",69,45324,TRUE,69,22
705,"KRISTEN LANE",23,"LAKE ANTHONY","E1",85,45506,TRUE,85,23
706,"LOUIS WERNER",23,"REBECCABERG","B4",79,45466,TRUE,79,23
707,"JAMES WALKER",24,"PORT ELIZABETH","E2",70,45520,TRUE,70,24
708,"KATHLEEN KELLY",21,"SELLERSHAVEN","D4",58,45336,TRUE,58,21
709,"CHRISTOPHER LOPEZ",33,"PORT TERESA","E4",60,45572,TRUE,60,33
710,"STEPHANIE WRIGHT",27,"SOUTH RUSSELLBURGH","C3",91,45416,FALSE,91,27
711,"REBECCA ATKINS",22,"TODDTON","D1",84,45335,TRUE,84,22
712,"BARBARA WANG",20,"PORT MARY","D2",96,45520,TRUE,96,20
713,"ELIZABETH RUSSELL",21,"PORT DANNYMOUTH","C2",61,45574,FALSE,61,21
714,"SCOTT ANTHONY",31,"RODRIGUEZFURT","C1",58,45348,TRUE,58,31
715,"KAREN HALL",29,"CHRISTINEBURGH","B3",71,45393,TRUE,71,29
716,"JACQUELINE WOOD",31,"WEST JONATHAN","A2",54,45371,TRUE,54,31
717,"HOLLY SMITH DVM",22,"SOUTH MISTYVIEW","B2",97,45573,TRUE,97,22
718,"SHANNON MEADOWS",24,"KELLYBURGH","B4",57,45398,TRUE,57,24
719,"TRICIA GREGORY",33,"NORTH JULIETON","A2",71,45451,TRUE,71,33
720,"AMY RICH",20,"SOUTH GABRIELBOROUGH","A3",72,45494,FALSE,72,20
721,"JERRY CHEN",28,"WEST PAMELASHIRE","D2",56,45401,FALSE,56,28
722,"GABRIELLE ADAMS",23,"LAKE MELANIE","B3",69,45448,FALSE,69,23
723,"MORGAN ROBINSON",22,"ALICIACHESTER","E1",93,45378,TRUE,93,22
724,"LINDA PETERS",22,"WILLIAMSFURT","A3",56,45322,FALSE,56,22
725,"JESSE JOHNSON",33,"NEW STEPHENVIEW","B3",82,45506,TRUE,82,33
726,"ROBERT MARTIN",20,"NORTH LAURA","E2",87,45360,FALSE,87,20
727,"KATELYN PETERS",29,"ADAMSCHESTER","E2",72,45368,TRUE,72,29
728,"BRIDGET COOPER",20,"MICHAELSIDE","E1",91,45323,FALSE,91,20
730,"JEFF HILL",32,"LAMBCHESTER","B4",61,45458,TRUE,61,32
731,"JESSICA MORALES",34,"NEW LAURATOWN","B3",93,45401,TRUE,93,34
732,"DEAN CONTRERAS",29,"SOUTH EVANSIDE","C1",53,45396,TRUE,53,29
735,"JACOB ADAMS",31,"GOMEZBURY","B3",71,45516,TRUE,71,31
736,"FELICIA DYER",24,"BRANDIPORT","D3",67,45452,TRUE,67,24
737,"KIMBERLY CARTER",31,"SOUTH JOSEVIEW","C2",55,45487,TRUE,55,31
738,"TAMI BROWN",24,"LAKE ASHLEESIDE","C4",97,45338,TRUE,97,24
739,"DOUGLAS MURPHY",34,"NEW KELLY","A1",77,45460,TRUE,77,34
740,"MR. KENNETH DUNCAN",21,"WEST CHADSTAD","D3",51,45403,TRUE,51,21
741,"OSCAR FRANKLIN",32,"NEW LINDASHIRE","D1",83,45386,TRUE,83,32
742,"BETHANY MARTINEZ",20,"NORTH TIMOTHYSHIRE","C4",90,45318,FALSE,90,20
743,"ELIZABETH COBB",23,"LAKE CHRISTINEVILLE","B4",93,45413,TRUE,93,23
744,"MR. MATTHEW MCDONALD",25,"EAST DERRICK","A4",89,45351,TRUE,89,25
745,"JANET WALTON",33,"EAST MARYBURGH","C4",93,45358,TRUE,93,33
746,"STEPHANIE WHITE",32,"VASQUEZTON","A4",87,45575,TRUE,87,32
747,"PAULA REED",21,"DAISYSHIRE","D1",80,45312,FALSE,80,21
748,"THEODORE BAKER",25,"TONIMOUTH","E1",68,45408,FALSE,68,25
749,"RONALD BENITEZ",25,"JEFFREYPORT","D1",65,45304,FALSE,65,25
750,"CRYSTAL SMITH",24,"JOHNMOUTH","A3",95,45442,TRUE,95,24
751,"ROBERT LEWIS",29,"LAKE DREWTON","D4",90,45314,TRUE,90,29
752,"PRESTON LOPEZ",21,"CARTERMOUTH","B2",79,45481,TRUE,79,21
753,"ANTHONY WILLIAMS",31,"ROSARIOTOWN","E1",54,45551,FALSE,54,31
754,"PAUL RAMOS JR.",22,"NEW MARCUSSIDE","B4",98,45455,TRUE,98,22
755,"KATHRYN RAMOS",24,"PORT MELISSABURY","B2",92,45460,TRUE,92,24
756,"STEPHANIE MORGAN",29,"SOUTH STEPHANIE","A4",70,45495,FALSE,70,29
757,"BRITTANY RODRIGUEZ",32,"PORT KATHERINECHESTER","A1",66,45536,TRUE,66,32
758,"LINDA BROWN",30,"WEST CONNORSIDE","C1",71,45494,TRUE,71,30
759,"JENNIFER ROBERSON",21,"EAST ANGELA","A3",52,45348,TRUE,52,21
760,"ASHLEY BURTON",23,"SARAPORT","D2",70,45400,TRUE,70,23
761,"THOMAS COOPER",25,"SOUTH HEATHER","D1",95,45491,FALSE,95,25
762,"CARLOS PARSONS",32,"EAST CRYSTAL","C3",74,45445,TRUE,74,32
763,"MELVIN ADAMS",29,"KRISTINATON","E2",93,45500,TRUE,93,29
764,"MICHELLE THOMPSON",27,"SOUTH CANDACEPORT","A3",70,45559,TRUE,70,27
765,"ALEXANDER MENDEZ",29,"PORT STEPHANIE","C3",95,45361,FALSE,95,29
766,"BRETT RAMOS",34,"KINGMOUTH","A4",65,45474,FALSE,65,34
767,"KAITLYN COOKE",25,"WEST MICHAEL","A2",83,45302,FALSE,83,25
770,"TINA ANDERSON",27,"ANDERSONBOROUGH","A4",90,45491,FALSE,90,27
771,"PAUL COLE",26,"PORT THOMASLAND","C1",77,45571,TRUE,77,26
772,"KYLE KERR",29,"LINMOUTH","B1",53,45389,TRUE,53,29
773,"RACHEL JOHNSON",33,"PORT LORI","C1",69,45520,TRUE,69,33
774,"SARAH MARTINEZ",21,"NEW ANDREW","B1",62,45573,TRUE,62,21
775,"BRENDAN JOHNS MD",28,"NORTH LESLIEMOUTH","E4",94,45576,FALSE,94,28
776,"JACOB BOYD",32,"SOUTH TAMMY","B4",60,45505,TRUE,60,32
777,"JUSTIN WILLIAMS",33,"SOUTH ERICA","D4",59,45529,TRUE,59,33
779,"MARY MARTINEZ",30,"NORTH ALEXANDERLAND","D1",96,45305,FALSE,96,30
780,"JESSICA TORRES",29,"GARRETTFORT","E4",81,45399,FALSE,81,29
781,"JUSTIN NEAL",25,"SOUTH MICHELLE","C3",73,45448,TRUE,73,25
782,"TIMOTHY HAMILTON",29,"MACKENZIELAND","A3",63,45318,TRUE,63,29
783,"SHERRY YU",31,"EAST THOMAS","C1",55,45485,FALSE,55,31
784,"CHRISTOPHER MEYERS",20,"NORTH BRIANSHIRE","E3",95,45495,FALSE,95,20
786,"CHARLES SMITH",34,"MIDDLETONFORT","D2",57,45310,TRUE,57,34
788,"MATTHEW MASON",34,"CALDERONBERG","D3",96,45300,TRUE,96,34
791,"JORGE JOHNSON",30,"GEORGETOWN","C3",85,45361,TRUE,85,30
792,"RODNEY ENGLISH",24,"HECTORTON","D4",92,45435,TRUE,92,24
793,"BROOKE BARNES DVM",26,"EAST RICHARDPORT","E1",78,45450,TRUE,78,26
794,"TINA DUNLAP",26,"NORTH JAMESTOWN","B2",67,45446,TRUE,67,26
795,"MARY LARA",31,"LAKE MATTHEWMOUTH","D4",87,45409,FALSE,87,31
796,"TRACY SMITH",28,"PERRYMOUTH","E1",51,45450,FALSE,51,28
798,"STEPHANIE BOLTON",22,"TANYABURY","E1",80,45507,TRUE,80,22
800,"NANCY BAKER",23,"DAVISHAVEN","A1",53,45548,TRUE,53,23
801,"TAYLOR KING",33,"LAKE TINABERG","A1",83,45411,TRUE,83,33
802,"MICHAEL NGUYEN",33,"SOUTH ASHLEYFORT","D2",93,45505,TRUE,93,33
803,"ANGELA DAWSON",30,"ELLISCHESTER","B3",75,45497,TRUE,75,30
804,"BRENDA ROBERTS",31,"NEW LINDA","C3",51,45293,TRUE,51,31
805,"BENJAMIN OLSON",28,"ARMSTRONGTON","A4",84,45357,FALSE,84,28
806,"CHRISTOPHER YANG",27,"FELICIAHAVEN","B4",99,45297,FALSE,99,27
807,"MICHELLE MARTIN",34,"NEW HEATHER","B2",89,45540,FALSE,89,34
808,"TERRI AUSTIN",24,"NORTH STEPHANIE","C1",90,45532,TRUE,90,24
809,"ALEXIS WILSON",21,"EAST MARISSABURY","A4",68,45461,FALSE,68,21
810,"STEVEN HARRIS",34,"WHITETON","E3",91,45516,FALSE,91,34
814,"RICHARD HERNANDEZ",29,"NORTH PAULPORT","E4",51,45305,FALSE,51,29
815,"EMILY COX",33,"WEST JOHNMOUTH","E1",91,45390,TRUE,91,33
816,"CAROLYN CURRY",33,"KATHERINEFORT","C1",88,45488,TRUE,88,33
817,"MADISON NUNEZ MD",25,"SHARPTON","D4",62,45325,TRUE,62,25
818,"KARA TATE",30,"ALLENSIDE","D2",65,45421,TRUE,65,30
819,"STEPHANIE WHITE",31,"WEST MARYSHIRE","E2",78,45396,FALSE,78,31
820,"ALEJANDRO FLORES",32,"WOLFBURY","E1",75,45369,TRUE,75,32
821,"NICHOLAS LOWERY",32,"MCNEILMOUTH","A3",72,45364,TRUE,72,32
822,"LEE MYERS",25,"NORTH ANNA","E1",77,45388,TRUE,77,25
823,"JULIE HERNANDEZ",30,"SOUTH KIMBERLYVILLE","C4",63,45335,TRUE,63,30
824,"MEREDITH CROSBY",29,"NORTH JANICEFORT","D2",83,45387,TRUE,83,29
825,"AMANDA ROBINSON",30,"ELIZABETHCHESTER","C3",64,45549,TRUE,64,30
826,"SONIA KELLY",33,"TONYVILLE","E2",58,45373,FALSE,58,33
827,"PETER GARDNER",29,"WEST JAMES","A4",54,45498,TRUE,54,29
828,"JASON SMITH",31,"ROBERTSONBOROUGH","A3",96,45395,FALSE,96,31
829,"BRIANNA SMITH",32,"HOLLYHAVEN","C4",71,45327,FALSE,71,32
830,"JOHN COHEN",22,"LAKE JOSEPHFURT","A3",95,45426,TRUE,95,22
832,"MICHELE HODGES",34,"VICTORFORT","B3",72,45484,TRUE,72,34
833,"ABIGAIL GUTIERREZ",27,"WEST JACLYNSHIRE","B2",64,45395,FALSE,64,27
834,"DIANA HANSON",34,"LISAMOUTH","C4",50,45559,TRUE,50,34
835,"JERMAINE GIBBS",20,"GARCIAMOUTH","D4",87,45569,FALSE,87,20
836,"RICHARD ALVARADO",33,"LAKE ANGELA","D1",59,45412,TRUE,59,33
837,"JENNIFER MARTIN",24,"ERICMOUTH","D2",83,45465,FALSE,83,24
839,"MICHAEL VALENTINE",24,"SOUTH JOHNLAND","A3",90,45342,TRUE,90,24
840,"MICHAEL ALLEN",30,"STEPHENTOWN","E4",57,45427,FALSE,57,30
841,"KELLI JONES",33,"MICHAELFURT","B2",76,45510,TRUE,76,33
842,"LAURA FOSTER",28,"NORTH MIRANDA","A2",79,45566,TRUE,79,28
843,"JOSHUA DILLON",20,"RYANBERG","E3",67,45488,TRUE,67,20
844,"WILLIAM POPE",26,"JACKSONSHIRE","A4",60,45417,FALSE,60,26
845,"DR. SAVANNAH HEATH",24,"NORTH DAVIDCHESTER","D4",93,45500,TRUE,93,24
846,"DAVID RODGERS",20,"JOYMOUTH","E3",83,45562,FALSE,83,20
848,"CHRISTINA BAXTER",28,"NORTH JENNIFER","C1",88,45501,TRUE,88,28
849,"LAURA KELLY",30,"NICOLEVIEW","E3",69,45294,TRUE,69,30
850,"ROBERTA BYRD",21,"BLACKVIEW","A4",79,45309,TRUE,79,21
851,"DEAN LEE",27,"GARYBOROUGH","C1",56,45415,FALSE,56,27
852,"SARA FRENCH",25,"GRIFFINMOUTH","B3",55,45565,FALSE,55,25
853,"JACK WALKER",34,"PORT ANITAFORT","B1",54,45472,TRUE,54,34
854,"MELINDA WILSON",28,"NEW LUCAS","B3",52,45414,TRUE,52,28
855,"JAMES KING DDS",22,"DOYLETON","E3",90,45531,FALSE,90,22
856,"AMANDA SULLIVAN",21,"NGUYENSIDE","E4",90,45464,FALSE,90,21
857,"GRANT GRIFFIN",23,"WEST KELLYFORT","B4",66,45577,TRUE,66,23
858,"SARAH ROBINSON",24,"LESLIEBOROUGH","C1",57,45427,TRUE,57,24
859,"VERONICA DURHAM",29,"MICHAELSIDE","C3",90,45559,TRUE,90,29
860,"LARRY WOOD",20,"DENISECHESTER","A4",74,45407,TRUE,74,20
861,"ROBERTO ESTRADA",25,"NEW ANDREA","B1",73,45432,FALSE,73,25
862,"BENJAMIN RIVERA",27,"LAKE AMY","B1",72,45368,FALSE,72,27
864,"PAMELA HOPKINS",34,"NEW SYLVIA","D3",56,45500,TRUE,56,34
865,"DAVID HALL",26,"VANESSASTAD","E3",64,45533,TRUE,64,26
866,"KYLE PATTERSON",33,"FISHERBERG","B2",89,45293,FALSE,89,33
867,"GARY HALL",34,"JENKINSCHESTER","D4",74,45433,TRUE,74,34
868,"DANIELLE CONLEY",28,"SOUTH ALVIN","C1",81,45546,TRUE,81,28
869,"SCOTT ANDRADE",21,"PORT AMANDABERG","E3",70,45443,FALSE,70,21
870,"SEAN STEELE",25,"STEVETOWN","E2",68,45394,TRUE,68,25
871,"LAURA WEST",27,"TAMIBURGH","A4",85,45510,FALSE,85,27
872,"ANDREW SCOTT",21,"NORTH CHRISTOPHERBURGH","D3",82,45367,TRUE,82,21
873,"RENEE WILLIAMSON",25,"NEW ELIZABETH","D4",70,45397,TRUE,70,25
874,"AMANDA MAYER",34,"ERIKFURT","A3",74,45502,TRUE,74,34
875,"JOHN CAMPBELL",20,"SOUTH ROBINBURGH","B4",82,45391,TRUE,82,20
876,"COREY HALL",22,"NEW ELIZABETHBURGH","C1",77,45440,TRUE,77,22
877,"ASHLEY JONES",22,"MCDONALDSHIRE","E1",94,45479,TRUE,94,22
878,"ALEX SINGLETON",24,"ANGELALAND","D1",86,45576,TRUE,86,24
880,"CRYSTAL LI",23,"WEST DONNA","D2",72,45486,FALSE,72,23
881,"MICHAEL SMITH",32,"WEST TYLERTOWN","C4",84,45390,FALSE,84,32
882,"KIMBERLY KELLY",26,"LUCEROBURGH","D3",81,45503,TRUE,81,26
883,"ALLISON GONZALEZ",20,"OLSONPORT","A4",68,45435,TRUE,68,20
884,"ANGEL RIOS",33,"KEVINVILLE","C1",64,45555,FALSE,64,33
885,"JEFFREY SAVAGE",34,"EAST JENNIFER","A4",57,45439,FALSE,57,34
886,"GREGORY CHANDLER",26,"DAVISBERG","C1",61,45552,TRUE,61,26
887,"ALLISON BLAIR",30,"MCGUIRESIDE","C3",60,45330,FALSE,60,30
888,"KYLE MYERS",25,"ESPINOZAFURT","E1",88,45387,FALSE,88,25
889,"ALEXANDER DUNCAN",30,"NORTH MARY","E1",91,45464,TRUE,91,30
891,"AMY ADAMS",29,"NEW MEGHANFURT","C4",50,45372,TRUE,50,29
892,"BENJAMIN DANIEL",29,"WEST MELANIE","E3",84,45506,TRUE,84,29
893,"CATHERINE SCOTT",26,"EAST ANGEL","C2",67,45446,TRUE,67,26
895,"LOUIS DAWSON",31,"BRITTANYBOROUGH","C3",56,45310,TRUE,56,31
896,"RONALD CHANG",31,"SOUTH CHELSEA","A2",53,45439,TRUE,53,31
897,"SUE CARTER",23,"NORTH ANTHONY","D2",90,45507,FALSE,90,23
898,"MATTHEW JONES",33,"NEW MARIESTAD","C2",77,45513,TRUE,77,33
899,"ANN HANSON",25,"LAKE JOSEHAVEN","B2",62,45542,TRUE,62,25
900,"MIKE SANDERS",22,"SOUTH LORIFURT","A1",89,45315,TRUE,89,22
901,"JASON SMITH",32,"WEST JASONSTAD","E2",71,45493,FALSE,71,32
902,"GABRIEL MEJIA",30,"NORTH RYANFURT","A2",75,45549,TRUE,75,30
903,"JAMES ROBBINS",23,"MARGARETFURT","E3",50,45373,TRUE,50,23
904,"WILLIAM RUSSELL",34,"PORT ANA","B2",93,45437,TRUE,93,34
905,"JENNIFER FRANKLIN",22,"LAKE CYNTHIAFORT","D1",84,45540,FALSE,84,22
906,"JOHN WOODS",27,"LAKE PAUL","D2",51,45329,FALSE,51,27
907,"MICHELLE PRICE",22,"JACOBFURT","D2",98,45336,TRUE,98,22
908,"ANTONIO ARROYO",34,"DAVIDBURY","D2",93,45461,TRUE,93,34
909,"STEPHANIE MURPHY",23,"LAKE TIMOTHYHAVEN","E4",87,45434,TRUE,87,23
910,"LAUREN RODRIGUEZ",32,"HAMMONDTON","C3",96,45492,TRUE,96,32
911,"DONNA RAMIREZ",21,"DAVIDTON","E2",93,45577,FALSE,93,21
912,"COURTNEY WILLIAMSON",34,"OSBORNETOWN","A1",75,45302,TRUE,75,34
914,"DEREK EVANS",27,"LAKE BRADLEY","A1",92,45385,TRUE,92,27
916,"MAX HERRING",34,"EAST LEVI","E4",57,45493,TRUE,57,34
917,"SHARON PHILLIPS",30,"NEW ROBERT","D2",79,45334,TRUE,79,30
918,"KIMBERLY MARTINEZ",24,"CALDWELLTOWN","C1",51,45509,TRUE,51,24
919,"BOBBY ADAMS",22,"SOUTH NICOLE","B4",73,45292,FALSE,73,22
920,"JERMAINE THOMAS",21,"OLIVERMOUTH","A4",73,45525,TRUE,73,21
921,"MEGHAN JOHNSON",24,"NEW STEPHANIE","D2",74,45527,TRUE,74,24
922,"TAMMY MONTGOMERY",22,"ODOMHAVEN","D1",75,45522,TRUE,75,22
923,"DEANNA ANDERSON",24,"HENDERSONLAND","D2",55,45381,TRUE,55,24
924,"JASON LOVE",30,"WEBSTERBURY","B3",72,45348,FALSE,72,30
925,"MICHAEL SCHROEDER",21,"AARONVIEW","C4",99,45338,TRUE,99,21
926,"PATRICK HARRISON",32,"PORT NATALIE","D3",66,45526,FALSE,66,32
927,"MEGHAN KIRK",21,"MUNOZSTAD","D3",81,45408,FALSE,81,21
928,"SARAH WILLIAMS",21,"PORT SHERRY","D2",98,45382,TRUE,98,21
930,"JASON CARTER",22,"TRACEYVIEW","B2",53,45464,TRUE,53,22
931,"TYLER HART",25,"AMYSTAD","C2",83,45455,FALSE,83,25
932,"DEBORAH GAMBLE",28,"FERGUSONHAVEN","C2",81,45575,TRUE,81,28
933,"WILLIAM BENJAMIN",28,"JEFFHAVEN","B3",56,45461,TRUE,56,28
934,"SEAN LANG",34,"EAST KRISTENTON","A2",50,45453,TRUE,50,34
936,"ROBERT SMITH",22,"GARDNERLAND","C1",74,45519,FALSE,74,22
937,"VICTOR WARREN",20,"WEST SHEILA","A1",56,45477,TRUE,56,20
938,"LAURIE KENNEDY",31,"SOUTH ALLISON","D3",61,45349,TRUE,61,31
940,"KELLY ANDERSON JR.",20,"EAST MARIA","E2",87,45474,FALSE,87,20
941,"MELISSA ANDERSON",20,"ALEXANDRAMOUTH","D4",57,45360,TRUE,57,20
942,"JAMES MORRIS",30,"NEW JENNIFERMOUTH","D3",75,45497,TRUE,75,30
943,"JESSICA RAMIREZ",25,"CARLAHAVEN","A2",92,45509,TRUE,92,25
944,"LISA WILLIAMS",31,"PORT DAVIDVILLE","E4",55,45322,FALSE,55,31
945,"JASON JOHNSON",30,"MARTINTOWN","B4",87,45484,TRUE,87,30
948,"EDDIE VEGA",22,"PATRICIABURY","C4",62,45489,TRUE,62,22
949,"BRENDAN TODD",28,"PRINCEFURT","A2",66,45313,FALSE,66,28
950,"STEVEN BAKER",28,"JOSEPHBURY","A4",55,45503,FALSE,55,28
952,"JULIA AYALA",20,"WEST JACQUELINE","B1",61,45568,FALSE,61,20
954,"CODY CALDERON",31,"AMYMOUTH","D4",92,45371,TRUE,92,31
955,"ERIC MALDONADO",33,"EAST KIMBERLYVIEW","C4",89,45342,TRUE,89,33
956,"TONYA SALAZAR",22,"NORTH AMY","B2",50,45384,TRUE,50,22
957,"CHARLES MORGAN",25,"NEW LISAFORT","D3",74,45381,TRUE,74,25
958,"ANTONIO BLANKENSHIP",24,"BARRETTCHESTER","B4",98,45579,TRUE,98,24
959,"MICHAEL ACOSTA",27,"NEW AMBERBURY","D3",77,45464,FALSE,77,27
960,"MICHAEL MCNEIL",33,"SMITHCHESTER","E3",80,45514,FALSE,80,33
961,"LISA WALKER",28,"NORTH SHANNONFORT","C2",74,45326,TRUE,74,28
962,"CONNOR HILL",20,"JASMINECHESTER","C4",78,45539,TRUE,78,20
963,"COLLEEN CARPENTER",21,"SOUTH CANDICE","E3",74,45415,TRUE,74,21
964,"DIANA DIAZ",34,"SOUTH CARRIE","A4",80,45350,TRUE,80,34
965,"ALEXANDRA SMITH",30,"CARLOSPORT","B1",96,45549,TRUE,96,30
966,"ELIZABETH MOODY",21,"SOUTH BRENDA","A2",82,45417,TRUE,82,21
967,"WILLIAM HILL",31,"LISASHIRE","A2",96,45558,TRUE,96,31
968,"BENJAMIN MURRAY",20,"EAST ALEXIS","D2",85,45491,FALSE,85,20
969,"JUDY GLOVER",21,"FRANCOPORT","D2",72,45309,TRUE,72,21
970,"CARL TATE",30,"ANITATON","D1",97,45455,FALSE,97,30
971,"MELISSA MILLER",24,"EAST STEPHENMOUTH","A4",58,45357,FALSE,58,24
972,"JON HARRIS",28,"JOHNSONCHESTER","E4",53,45348,TRUE,53,28
973,"DONNA HUGHES",28,"SHELLEYTOWN","D2",86,45476,FALSE,86,28
974,"KIMBERLY SHANNON",23,"SOUTH MELISSASHIRE","D4",64,45477,TRUE,64,23
975,"MARIAH COOPER",28,"MARTINEZBURGH","D4",86,45309,FALSE,86,28
976,"DIANA OBRIEN",26,"MORROWSHIRE","D3",67,45498,TRUE,67,26
977,"AMY REEVES",33,"HAMMONDTON","C3",69,45427,TRUE,69,33
978,"LAURA FOWLER",22,"ANGELABERG","E2",74,45359,TRUE,74,22
979,"HANNAH GARCIA",23,"LAKE SHARON","E1",74,45488,TRUE,74,23
980,"JOSEPH NICHOLSON",21,"NEW JACQUELINE","C3",85,45558,TRUE,85,21
981,"LINDA BAILEY",25,"SIMMONSPORT","E2",51,45406,FALSE,51,25
982,"HEIDI BAUER",33,"NORTH MATTHEW","A2",62,45319,FALSE,62,33
983,"THOMAS ROSE",33,"RODRIGUEZVILLE","A2",70,45420,FALSE,70,33
984,"MICHAEL DAVIS",28,"MATTHEWTOWN","A4",57,45321,TRUE,57,28
985,"ANNA BOLTON",31,"WEST DEBRA","E3",72,45337,FALSE,72,31
986,"CHRISTOPHER PALMER",25,"EAST JOHNSIDE","A4",94,45520,TRUE,94,25
987,"MONIQUE ROBINSON",23,"SOUTH DAVID","D2",65,45438,FALSE,65,23
988,"JASMINE JENKINS",25,"WEST JOSE","D4",82,45352,FALSE,82,25
989,"MELISSA ALLEN",25,"SMITHBERG","A3",83,45579,TRUE,83,25
991,"MELANIE PETERSON",30,"MURRAYBERG","D3",51,45511,TRUE,51,30
992,"DORIS COX",25,"NEW PATRICIA","B3",53,45399,TRUE,53,25
993,"GREGORY WHITE",26,"SOUTH GINA","B2",89,45564,TRUE,89,26
994,"MATTHEW TURNER",33,"LAKE LORIHAVEN","A4",86,45574,TRUE,86,33
995,"BENJAMIN LOPEZ",22,"ROSSTOWN","D4",88,45425,FALSE,88,22
996,"BETH GARCIA",28,"CHAPMANBERG","C4",77,45317,TRUE,77,28
997,"DIANE STEWART",34,"NORTH CATHERINE","A3",84,45476,TRUE,84,34
998,"JESSICA MURPHY",26,"RYANTOWN","D2",95,45497,FALSE,95,26
999,"BRIAN HUGHES",34,"GUTIERREZPORT","A4",88,45426,TRUE,88,34
1000,"TYLER LOPEZ MD",32,"BISHOPMOUTH","B1",97,45408,TRUE,97,32